<?xml version="1.0"?>
<doc>
    <assembly>
        <name>Microsoft.PowerShell.GlobalTool.Shim</name>
    </assembly>
    <members>
        <member name="T:Microsoft.PowerShell.GlobalTool.Shim.EntryPoint">
            <summary>
            Shim layer to chose the appropriate runtime for PowerShell DotNet Global tool.
            </summary>
        </member>
        <member name="M:Microsoft.PowerShell.GlobalTool.Shim.EntryPoint.Main(System.String[])">
            <summary>
            Entry point for the global tool.
            </summary>
            <param name="args">Arguments passed to the global tool.</param>'
            <returns>Exit code returned by pwsh.</returns>
        </member>
    </members>
</doc>
