<?xml version="1.0"?>
<doc>
    <assembly>
        <name>pwsh</name>
    </assembly>
    <members>
        <member name="T:Microsoft.PowerShell.ManagedPSEntry">
            <summary>
            Defines an entry point for the .NET CLI "powershell" app.
            </summary>
        </member>
        <member name="M:Microsoft.PowerShell.ManagedPSEntry.Main(System.String[])">
            <summary>
            Starts PowerShell.
            </summary>
            <param name="args">
            Command line arguments to PowerShell
            </param>
        </member>
    </members>
</doc>
