{
  "runtimeOptions": {
    "tfm": "net9.0",
    "framework": {
      "name": "Microsoft.NETCore.App",
      "version": "9.0.0"
    },
    "rollForwardOnNoCandidateFx": 1,
    "configProperties": {
      "System.Reflection.Metadata.MetadataUpdater.IsSupported": false,
      "System.Runtime.Serialization.EnableUnsafeBinaryFormatterSerialization": true,
      "System.Runtime.TieredCompilation": true,
      "System.Runtime.TieredCompilation.QuickJit": true,
      "System.Runtime.TieredCompilation.QuickJitForLoops": true,
      "CSWINRT_USE_WINDOWS_UI_XAML_PROJECTIONS": false
    }
  }
}