{"assets/scripts/settings.bash":["assets/scripts/settings.bash"],"lib/i18n/de.json":["lib/i18n/de.json"],"lib/i18n/en.json":["lib/i18n/en.json"],"lib/i18n/pt.json":["lib/i18n/pt.json"],"lib/i18n/zh_CN.json":["lib/i18n/zh_CN.json"],"lib/i18n/zh_tw.json":["lib/i18n/zh_tw.json"],"packages/fluent_ui/assets/AcrylicNoise.png":["packages/fluent_ui/assets/AcrylicNoise.png"],"packages/fluent_ui/fonts/FluentIcons.ttf":["packages/fluent_ui/fonts/FluentIcons.ttf"],"packages/localization/test/assets/lang/en_US.json":["packages/localization/test/assets/lang/en_US.json"],"packages/localization/test/assets/lang/pt_BR.json":["packages/localization/test/assets/lang/pt_BR.json"],"packages/localization/test/assets/lang2/en_US.json":["packages/localization/test/assets/lang2/en_US.json"],"packages/localization/test/assets/lang2/pt_BR.json":["packages/localization/test/assets/lang2/pt_BR.json"],"packages/window_manager/images/ic_chrome_close.png":["packages/window_manager/images/ic_chrome_close.png"],"packages/window_manager/images/ic_chrome_maximize.png":["packages/window_manager/images/ic_chrome_maximize.png"],"packages/window_manager/images/ic_chrome_minimize.png":["packages/window_manager/images/ic_chrome_minimize.png"],"packages/window_manager/images/ic_chrome_unmaximize.png":["packages/window_manager/images/ic_chrome_unmaximize.png"]}